[{"model": "mainapp.productcategory", "pk": 1, "fields": {"name": "\u043d\u043e\u0443\u0442\u0431\u0443\u043a\u0438", "description": "\u043b\u0443\u0447\u0448\u0438\u0435 \u0432 \u0441\u0432\u043e\u0435\u043c \u0440\u043e\u0434\u0435", "is_active": true}}, {"model": "mainapp.productcategory", "pk": 2, "fields": {"name": "\u043c\u043e\u0431\u0438\u043b\u044c\u043d\u044b\u0435 \u0442\u0435\u043b\u0435\u0444\u043e\u043d\u044b", "description": "\u0431\u044b\u0441\u0442\u0440\u044b\u0435 \u0438 \u043c\u043e\u0449\u043d\u044b\u0435", "is_active": true}}, {"model": "mainapp.productcategory", "pk": 3, "fields": {"name": "\u043c\u043e\u043d\u0438\u0442\u043e\u0440\u044b", "description": "\u0431\u0435\u0440\u0435\u0433\u0443\u0442 \u0432\u0430\u0448\u0438 \u0433\u043b\u0430\u0437\u0430", "is_active": true}}, {"model": "mainapp.product", "pk": 1, "fields": {"category": 1, "name": "ASUS FX504GD TUF Gaming (E4095)", "image": "products_images/asus_fx504gd.jpg", "short_desc": "\u041f\u043e\u0434\u043b\u0438\u043d\u043d\u043e \u0433\u0435\u0439\u043c\u0435\u0440\u0441\u043a\u0438\u0439! \u0411\u0435\u0437\u0443\u043f\u0440\u0435\u0447\u043d\u043e \u043d\u0430\u0434\u0435\u0436\u043d\u044b\u0439!", "description": "\u043b\u0443\u0447\u0448\u0438\u0435 \u0432 \u0441\u0432\u043e\u0435\u043c \u0440\u043e\u0434\u0435", "price": "70500.50", "quantity": 11, "is_active": true}}, {"model": "mainapp.product", "pk": 2, "fields": {"category": 1, "name": "ASUS GL704GW ROG Strix SCAR II", "image": "products_images/asus_gl704gw_rog.jpg", "short_desc": "\u041d\u043e\u0443\u0442\u0431\u0443\u043a ROG Strix \u2013 \u044d\u0442\u043e \u043e\u0440\u0443\u0436\u0438\u0435 \u0434\u043b\u044f \u043c\u0435\u0442\u043a\u0438\u0445 \u0441\u0442\u0440\u0435\u043b\u043a\u043e\u0432!", "description": "\u0434\u043b\u044f \u043d\u0435\u0440\u0435\u0430\u043b\u044c\u043d\u044b\u0445 \u0441\u0440\u0430\u0436\u0435\u043d\u0438\u0439", "price": "95000.80", "quantity": 5, "is_active": true}}, {"model": "mainapp.product", "pk": 3, "fields": {"category": 1, "name": "Dell Alienware 17 Silver (A17-7073)", "image": "products_images/dell_alienware_17_Silver.jpg", "short_desc": "\u0420\u0410\u0417\u0420\u0410\u0411\u041e\u0422\u0410\u041d, \u0427\u0422\u041e\u0411\u042b \u041a\u0420\u0423\u0428\u0418\u0422\u042c \u0412\u0421\u0415 \u0418 \u0412\u0421\u042f", "description": "\u043d\u043e\u0443\u0442\u0431\u0443\u043a \u0441 \u0440\u0430\u0437\u0440\u0443\u0448\u0438\u0442\u0435\u043b\u044c\u043d\u043e\u0439 \u0441\u0438\u043b\u043e\u0439!", "price": "101000.00", "quantity": 3, "is_active": true}}, {"model": "mainapp.product", "pk": 4, "fields": {"category": 2, "name": "\u0421\u043c\u0430\u0440\u0442\u0444\u043e\u043d Meizu 15 64Gb Black", "image": "products_images/Meizu_15_64Gb_Black.jpg", "short_desc": "\u043a\u043e\u043c\u043f\u0430\u043a\u0442\u043d\u044b\u0439 \u0438 \u0432\u043c\u0435\u0441\u0442\u0438\u0442\u0435\u043b\u044c\u043d\u044b\u0439", "description": "\u0441\u043c\u0430\u0440\u0442\u0444\u043e\u043d \u043d\u0430 \u043f\u043b\u0430\u0442\u0444\u043e\u0440\u043c\u0435 Android, \u043f\u043e\u0434\u0434\u0435\u0440\u0436\u043a\u0430 \u0434\u0432\u0443\u0445 SIM-\u043a\u0430\u0440\u0442, \u044d\u043a\u0440\u0430\u043d 5.46", "price": "21950.00", "quantity": 31, "is_active": true}}, {"model": "mainapp.product", "pk": 5, "fields": {"category": 2, "name": "\u0421\u043c\u0430\u0440\u0442\u0444\u043e\u043d Xiaomi Mi 8 6/128Gb Black", "image": "products_images/Xiaomi_Mi_8_6_128Gb_Black.jpg", "short_desc": "\u0438\u0434\u0435\u0430\u043b\u044c\u043d\u043e\u0435 \u0441\u043e\u043e\u043d\u043e\u0448\u0435\u043d\u0438\u0435 \u0446\u0435\u043d\u044b \u0438 \u043a\u0430\u0447\u0435\u0441\u0442\u0432\u0430!", "description": "\u0441\u043c\u0430\u0440\u0442\u0444\u043e\u043d \u0441 Android 8.1, \u043f\u043e\u0434\u0434\u0435\u0440\u0436\u043a\u0430 \u0434\u0432\u0443\u0445 SIM-\u043a\u0430\u0440\u0442, \u044d\u043a\u0440\u0430\u043d 6.21\", \u0440\u0430\u0437\u0440\u0435\u0448\u0435\u043d\u0438\u0435 2248x1080", "price": "26040.00", "quantity": 58, "is_active": true}}, {"model": "mainapp.product", "pk": 6, "fields": {"category": 2, "name": "\u0421\u043c\u0430\u0440\u0442\u0444\u043e\u043d Samsung Galaxy S10+ 1Tb Ceramic Black (SM-G975F)", "image": "products_images/Samsung_Galaxy_S10+_1Tb_Ceramic_Black.jpg", "short_desc": "\u0438\u0434\u0435\u0430\u043b\u044c\u043d\u043e\u0435 \u0441\u043e\u043e\u043d\u043e\u0448\u0435\u043d\u0438\u0435 \u0446\u0435\u043d\u044b \u0438 \u043a\u0430\u0447\u0435\u0441\u0442\u0432\u0430!", "description": "\u0441\u043c\u0430\u0440\u0442\u0444\u043e\u043d \u0441 Android 9.0, \u043f\u043e\u0434\u0434\u0435\u0440\u0436\u043a\u0430 \u0434\u0432\u0443\u0445 SIM-\u043a\u0430\u0440\u0442, \u044d\u043a\u0440\u0430\u043d 6.4\"", "price": "110210.00", "quantity": 16, "is_active": true}}, {"model": "mainapp.product", "pk": 7, "fields": {"category": 3, "name": "\u041c\u043e\u043d\u0438\u0442\u043e\u0440 Samsung 49\" C49HG90DMI", "image": "products_images/Samsung_49_C49HG90DMI.jpg", "short_desc": "\u0412\u0430\u0448\u0438 \u0433\u043b\u0430\u0437\u0430 \u0441\u043a\u0430\u0436\u0443\u0442 \u0441\u043f\u0430\u0441\u0438\u0431\u043e", "description": "48.9\", VA, UltraWide, LED, 3840x1080, 1 \u043c\u0441, 144 \u0413\u0446, AMD FreeSync, 3000:1, 178\u00b0/178\u00b0, 2xHDMI, DisplayPort, Mini DisplayPort, \u0447\u0451\u0440\u043d\u044b\u0439", "price": "68410.00", "quantity": 41, "is_active": true}}, {"model": "mainapp.product", "pk": 8, "fields": {"category": 3, "name": "\u041c\u043e\u043d\u0438\u0442\u043e\u0440 Viewsonic 35\" XG350R-C", "image": "products_images/Viewsonic_35_XG350R-C.jpg", "short_desc": "\u0418\u0437\u043e\u0431\u0440\u0430\u0436\u0435\u043d\u0438\u0435 \u043e\u0436\u0438\u0432\u0430\u0435\u0442", "description": "35\", MVA, UltraWide, LED, 3440x1440, 3 \u043c\u0441, 100 \u0413\u0446, AMD FreeSync, 2500:1, 178\u00b0/178\u00b0, 2xHDMI, DisplayPort, \u0434\u0438\u043d\u0430\u043c\u0438\u043a\u0438, \u0447\u0451\u0440\u043d\u044b\u0439", "price": "84400.00", "quantity": 9, "is_active": true}}, {"model": "mainapp.product", "pk": 9, "fields": {"category": 3, "name": "\u041c\u043e\u043d\u0438\u0442\u043e\u0440 Dell 34\" U3417W (3417-4886)", "image": "products_images/Dell_34_U3417W.jpg", "short_desc": "\u041f\u043e\u0433\u0440\u0443\u0437\u0438\u0442\u0435\u0441\u044c \u0432 \u0432\u0438\u0440\u0442\u0443\u0430\u043b\u044c\u043d\u0443\u044e \u0440\u0435\u0430\u043b\u044c\u043d\u043e\u0441\u0442\u044c, \u0440\u0435\u0430\u043b\u044c\u043d\u043e! ", "description": "34\", IPS, UltraWide, LED, 3440x1440, 8 \u043c\u0441, 1000:1, 178\u00b0/178\u00b0, 2xHDMI, DisplayPort, Mini DisplayPort, \u0434\u0438\u043d\u0430\u043c\u0438\u043a\u0438, \u0447\u0451\u0440\u043d\u044b\u0439", "price": "57050.00", "quantity": 24, "is_active": true}}, {"model": "authapp.shopuser", "pk": 1, "fields": {"password": "pbkdf2_sha256$150000$U7pYF5DIYCMt$Z9ShEUmADTeK8eO7WUadSuzf8fO17e2jgrxO8ruZD/k=", "last_login": "2019-09-05T15:24:15.311Z", "is_superuser": true, "username": "django", "first_name": "", "last_name": "", "email": "django@geekshop.local", "is_staff": true, "is_active": true, "date_joined": "2019-09-03T02:29:05.423Z", "avatar": "", "age": 25, "activation_key": "", "activation_key_expires": "2019-09-05T02:29:03.747Z", "groups": [], "user_permissions": []}}, {"model": "authapp.shopuser", "pk": 2, "fields": {"password": "!31Q9g4YWTMmX5lXATvq6jBlaUG75rPxxgdDsRKuN", "last_login": "2019-09-04T01:23:31.782Z", "is_superuser": false, "username": "id443083778", "first_name": "\u0418\u0432\u0430\u043d", "last_name": "\u041f\u0435\u0442\u0440\u043e\u0432", "email": "vagan2000let@gmail.com", "is_staff": false, "is_active": true, "date_joined": "2019-09-03T22:01:08.800Z", "avatar": "", "age": 18, "activation_key": "", "activation_key_expires": "2019-09-05T21:59:35.667Z", "groups": [], "user_permissions": []}}, {"model": "authapp.shopuserprofile", "pk": 1, "fields": {"user": 1, "tagline": "", "aboutMe": "", "gender": ""}}, {"model": "authapp.shopuserprofile", "pk": 2, "fields": {"user": 2, "tagline": "", "aboutMe": "", "gender": "M"}}, {"model": "social_django.usersocialauth", "pk": 1, "fields": {"user": 2, "provider": "vk-oauth2", "uid": "443083778", "extra_data": "{\"auth_time\": 1567560211, \"id\": 443083778, \"expires\": 86400, \"access_token\": \"699b213640e93e2a5d2c454f1839a62aef07304abfded8b226e99c2bafb353ea5b275fe4e6a6e234d9717\", \"token_type\": null}"}}, {"model": "ordersapp.order", "pk": 1, "fields": {"user": 1, "created": "2019-09-03T02:29:57.988Z", "updated": "2019-09-03T02:30:20.552Z", "status": "FM", "is_active": false}}, {"model": "ordersapp.order", "pk": 2, "fields": {"user": 1, "created": "2019-09-05T15:04:30.483Z", "updated": "2019-09-05T15:04:54.814Z", "status": "FM", "is_active": false}}, {"model": "ordersapp.order", "pk": 3, "fields": {"user": 1, "created": "2019-09-05T15:06:08.756Z", "updated": "2019-09-05T15:07:26.779Z", "status": "FM", "is_active": false}}, {"model": "ordersapp.order", "pk": 4, "fields": {"user": 1, "created": "2019-09-05T15:08:27.279Z", "updated": "2019-09-05T15:11:48.570Z", "status": "FM", "is_active": false}}, {"model": "ordersapp.order", "pk": 5, "fields": {"user": 1, "created": "2019-09-05T15:12:08.917Z", "updated": "2019-09-05T15:13:14.394Z", "status": "FM", "is_active": false}}, {"model": "ordersapp.order", "pk": 6, "fields": {"user": 1, "created": "2019-09-05T15:14:01.900Z", "updated": "2019-09-05T15:14:02.801Z", "status": "FM", "is_active": false}}, {"model": "ordersapp.order", "pk": 7, "fields": {"user": 1, "created": "2019-09-05T15:14:18.821Z", "updated": "2019-09-05T15:25:02.991Z", "status": "FM", "is_active": false}}, {"model": "ordersapp.order", "pk": 8, "fields": {"user": 1, "created": "2019-09-05T15:14:49.504Z", "updated": "2019-09-05T15:24:44.066Z", "status": "FM", "is_active": false}}, {"model": "ordersapp.order", "pk": 9, "fields": {"user": 1, "created": "2019-09-05T15:24:39.567Z", "updated": "2019-09-05T15:24:47.530Z", "status": "FM", "is_active": false}}, {"model": "ordersapp.order", "pk": 10, "fields": {"user": 1, "created": "2019-09-05T15:25:21.268Z", "updated": "2019-09-05T15:26:50.656Z", "status": "FM", "is_active": false}}, {"model": "ordersapp.order", "pk": 11, "fields": {"user": 1, "created": "2019-09-05T15:37:56.758Z", "updated": "2019-09-05T15:41:34.405Z", "status": "FM", "is_active": false}}, {"model": "ordersapp.order", "pk": 12, "fields": {"user": 1, "created": "2019-09-05T15:42:43.422Z", "updated": "2019-09-05T17:56:03.716Z", "status": "FM", "is_active": false}}, {"model": "ordersapp.order", "pk": 13, "fields": {"user": 1, "created": "2019-09-05T15:51:44.046Z", "updated": "2019-09-05T17:56:06.770Z", "status": "FM", "is_active": false}}, {"model": "ordersapp.order", "pk": 14, "fields": {"user": 1, "created": "2019-09-05T18:07:04.741Z", "updated": "2019-09-05T20:54:00.408Z", "status": "FM", "is_active": false}}, {"model": "ordersapp.order", "pk": 15, "fields": {"user": 1, "created": "2019-09-05T19:37:04.701Z", "updated": "2019-09-05T20:54:04.047Z", "status": "FM", "is_active": false}}, {"model": "ordersapp.order", "pk": 16, "fields": {"user": 1, "created": "2019-09-05T20:55:11.328Z", "updated": "2019-09-05T21:43:55.367Z", "status": "STP", "is_active": true}}, {"model": "ordersapp.order", "pk": 17, "fields": {"user": 1, "created": "2019-09-05T21:44:14.190Z", "updated": "2019-09-05T21:44:14.808Z", "status": "FM", "is_active": true}}, {"model": "ordersapp.order", "pk": 18, "fields": {"user": 1, "created": "2019-09-05T21:53:38.455Z", "updated": "2019-09-05T21:56:19.315Z", "status": "FM", "is_active": true}}, {"model": "ordersapp.orderitem", "pk": 1, "fields": {"order": 1, "product": 9, "quantity": 2}}, {"model": "ordersapp.orderitem", "pk": 2, "fields": {"order": 2, "product": 1, "quantity": 0}}, {"model": "ordersapp.orderitem", "pk": 3, "fields": {"order": 2, "product": 7, "quantity": 0}}, {"model": "ordersapp.orderitem", "pk": 4, "fields": {"order": 2, "product": 2, "quantity": 1}}, {"model": "ordersapp.orderitem", "pk": 13, "fields": {"order": 7, "product": 1, "quantity": 1}}, {"model": "ordersapp.orderitem", "pk": 14, "fields": {"order": 7, "product": 3, "quantity": 1}}, {"model": "ordersapp.orderitem", "pk": 15, "fields": {"order": 8, "product": 8, "quantity": 1}}, {"model": "ordersapp.orderitem", "pk": 16, "fields": {"order": 8, "product": 4, "quantity": 1}}, {"model": "ordersapp.orderitem", "pk": 17, "fields": {"order": 9, "product": 9, "quantity": 1}}, {"model": "ordersapp.orderitem", "pk": 18, "fields": {"order": 9, "product": 5, "quantity": 1}}, {"model": "ordersapp.orderitem", "pk": 19, "fields": {"order": 10, "product": 1, "quantity": 1}}, {"model": "ordersapp.orderitem", "pk": 20, "fields": {"order": 10, "product": 4, "quantity": 1}}, {"model": "ordersapp.orderitem", "pk": 23, "fields": {"order": 12, "product": 1, "quantity": 4}}, {"model": "ordersapp.orderitem", "pk": 24, "fields": {"order": 13, "product": 9, "quantity": 1}}, {"model": "ordersapp.orderitem", "pk": 25, "fields": {"order": 13, "product": 7, "quantity": 1}}, {"model": "ordersapp.orderitem", "pk": 37, "fields": {"order": 14, "product": 5, "quantity": 1}}, {"model": "ordersapp.orderitem", "pk": 38, "fields": {"order": 15, "product": 5, "quantity": 1}}, {"model": "ordersapp.orderitem", "pk": 39, "fields": {"order": 15, "product": 3, "quantity": 1}}, {"model": "ordersapp.orderitem", "pk": 40, "fields": {"order": 15, "product": 9, "quantity": 1}}, {"model": "ordersapp.orderitem", "pk": 44, "fields": {"order": 16, "product": 5, "quantity": 1}}, {"model": "ordersapp.orderitem", "pk": 45, "fields": {"order": 16, "product": 4, "quantity": 1}}, {"model": "ordersapp.orderitem", "pk": 46, "fields": {"order": 17, "product": 1, "quantity": 1}}, {"model": "ordersapp.orderitem", "pk": 47, "fields": {"order": 18, "product": 5, "quantity": 4}}]